{
  "accuracy": 0.9730941704035875,
  "precision": 1.0,
  "recall": 0.7986577181208053,
  "f1": 0.8880597014925373,
  "roc_auc": 0.9912181972292857
}